Responsable de proyecto:,Unnamed: 1,Unnamed: 2,Unnamed: 3,Unnamed: 4,Unnamed: 5,Unnamed: 6,Unnamed: 7,Unnamed: 8,Unnamed: 9,Unnamed: 10
,,,,,,,,,,
,1. DATOS DE PARTIDA DEL DISEÑO,,,,,,,,,
,,,,,,,,,,
,,,,,,,,,,
,,,,,,,,,,
,,,,,,,,,,
,,,,,,,,,,
,,,,,,,,,,
,,,,,,,,,,
,,,,,,,,,,
,,,,,,,,,,
,,,,,,,,,,
,,,,,,,,,,
,,,,,,,,,,
,,,,,,,,,,
,,,,,,,,,,
,,,,,,,,,,
,2. ENSAYOS_FORMULACIÓN,,,,,,,,,
,,,,,,,,,,
,,,,,,,,,,
,,Fórmula,,,,,,,,
,,Fecha,,,,,,,,
,,Motivo modificación,,,,,,,,
,,,,,,,,,,
,,,,,,,,,,
,,,,,,,,,,
,,,,,,,,,,
,,,,,,,,,,
,,,,,,,,,,
,"3. VERIFICACIÓN
 (consiste en comprobar que los resultados coinciden con los datos de entrada y que el producto es apto  para su comercialización)",,,,PRODUCTO /COMPONENTES,FÓRMULA,,,PRODUCTO,FXXX
